{"data_bounding_box":{
    "ulx": -105.50343,
    "uly": 40.10831, 
    "lrx": -105.27374,
    "lry": 39.95739
    }
}